time,screen,pixel_x,pixel_y,pupil
3359458,subject_difficulty_screen,185.5,432.5,1860.0
3359459,subject_difficulty_screen,185.7,432.4,1860.0
3359460,subject_difficulty_screen,186.3,432.5,1862.0
3359461,subject_difficulty_screen,186.9,432.6,1864.0
3359462,subject_difficulty_screen,187.4,432.9,1866.0
3359463,subject_difficulty_screen,187.9,433.2,1866.0
3359464,subject_difficulty_screen,188.4,433.7,1866.0
3359465,subject_difficulty_screen,188.4,434.0,1866.0
3359466,subject_difficulty_screen,188.1,434.1,1866.0
3359467,subject_difficulty_screen,187.7,433.9,1866.0
3359468,subject_difficulty_screen,187.5,433.8,1865.0
3359469,subject_difficulty_screen,187.4,433.7,1864.0
3359470,subject_difficulty_screen,187.3,433.6,1863.0
3359471,subject_difficulty_screen,187.4,433.7,1863.0
3359472,subject_difficulty_screen,187.4,433.7,1865.0
3359473,subject_difficulty_screen,187.3,433.8,1866.0
3359474,subject_difficulty_screen,187.2,433.9,1866.0
3359475,subject_difficulty_screen,187.0,434.1,1865.0
3359476,subject_difficulty_screen,187.4,434.2,1863.0
3359477,subject_difficulty_screen,187.8,434.2,1862.0
3359478,subject_difficulty_screen,187.9,434.2,1861.0
3359479,subject_difficulty_screen,187.6,433.9,1862.0
3359480,subject_difficulty_screen,187.2,433.6,1863.0
3359481,subject_difficulty_screen,187.2,433.4,1863.0
3359482,subject_difficulty_screen,187.2,433.3,1863.0
3359483,subject_difficulty_screen,187.2,433.2,1863.0
3359484,subject_difficulty_screen,186.6,433.2,1863.0
3359485,subject_difficulty_screen,186.1,433.2,1863.0
3359486,subject_difficulty_screen,186.1,433.2,1862.0
3359487,subject_difficulty_screen,186.7,433.3,1861.0
3359488,subject_difficulty_screen,187.2,433.4,1860.0
3359489,subject_difficulty_screen,187.3,433.4,1859.0
3359490,subject_difficulty_screen,187.0,433.3,1859.0
3359491,subject_difficulty_screen,186.7,433.2,1859.0
3359492,subject_difficulty_screen,186.3,433.1,1860.0
3359493,subject_difficulty_screen,186.1,433.3,1860.0
3359494,subject_difficulty_screen,185.9,433.5,1861.0
3359495,subject_difficulty_screen,185.9,433.7,1861.0
3359496,subject_difficulty_screen,185.9,433.6,1859.0
3359497,subject_difficulty_screen,185.9,433.2,1858.0
3359498,subject_difficulty_screen,185.9,433.0,1856.0
3359499,subject_difficulty_screen,186.0,432.5,1855.0
3359500,subject_difficulty_screen,185.8,432.3,1856.0
3359501,subject_difficulty_screen,185.7,432.2,1856.0
3359502,subject_difficulty_screen,185.6,432.6,1857.0
3359503,subject_difficulty_screen,185.6,432.8,1857.0
3359504,subject_difficulty_screen,185.9,433.0,1857.0
3359505,subject_difficulty_screen,186.2,433.0,1857.0
3359506,subject_difficulty_screen,186.2,433.2,1856.0
3359507,subject_difficulty_screen,185.8,433.4,1854.0
3359508,subject_difficulty_screen,185.4,433.6,1853.0
3359509,subject_difficulty_screen,185.1,433.4,1853.0
3359510,subject_difficulty_screen,185.0,433.2,1852.0
3359511,subject_difficulty_screen,184.9,433.0,1852.0
3359512,subject_difficulty_screen,185.1,432.9,1851.0
3359513,subject_difficulty_screen,185.3,433.3,1851.0
3359514,subject_difficulty_screen,185.7,433.6,1851.0
3359515,subject_difficulty_screen,186.0,433.9,1851.0
3359516,subject_difficulty_screen,186.2,433.9,1849.0
3359517,subject_difficulty_screen,186.3,433.1,1848.0
3359518,subject_difficulty_screen,186.2,432.3,1846.0
3359519,subject_difficulty_screen,186.1,431.3,1846.0
3359520,subject_difficulty_screen,186.1,431.2,1847.0
3359521,subject_difficulty_screen,185.9,431.1,1847.0
3359522,subject_difficulty_screen,185.7,431.1,1848.0
3359523,subject_difficulty_screen,185.5,431.0,1847.0
3359524,subject_difficulty_screen,185.7,430.4,1847.0
3359525,subject_difficulty_screen,186.1,430.0,1847.0
3359526,subject_difficulty_screen,185.7,430.4,1846.0
3359527,subject_difficulty_screen,184.9,431.2,1844.0
3359528,subject_difficulty_screen,184.2,431.8,1842.0
3359529,subject_difficulty_screen,184.2,431.5,1842.0
3359530,subject_difficulty_screen,185.0,431.2,1843.0
3359531,subject_difficulty_screen,185.7,431.2,1844.0
3359532,subject_difficulty_screen,186.5,431.4,1846.0
3359533,subject_difficulty_screen,186.4,431.6,1848.0
3359534,subject_difficulty_screen,186.1,432.0,1849.0
3359535,subject_difficulty_screen,185.6,432.1,1849.0
3359536,subject_difficulty_screen,185.0,432.2,1849.0
3359537,subject_difficulty_screen,184.8,432.4,1848.0
3359538,subject_difficulty_screen,184.8,432.6,1848.0
3359539,subject_difficulty_screen,184.9,432.8,1847.0
3359540,subject_difficulty_screen,185.0,432.9,1847.0
3359541,subject_difficulty_screen,185.1,433.0,1847.0
3359542,subject_difficulty_screen,185.2,433.1,1846.0
3359543,subject_difficulty_screen,185.3,433.1,1846.0
3359544,subject_difficulty_screen,185.4,432.9,1846.0
3359545,subject_difficulty_screen,185.3,432.8,1847.0
3359546,subject_difficulty_screen,185.2,432.9,1847.0
3359547,subject_difficulty_screen,185.0,433.0,1844.0
3359548,subject_difficulty_screen,184.2,433.1,1841.0
3359549,subject_difficulty_screen,183.4,433.0,1840.0
3359550,subject_difficulty_screen,182.7,433.1,1843.0
3359551,subject_difficulty_screen,182.7,433.2,1847.0
3359552,subject_difficulty_screen,182.6,433.1,1848.0
3359553,subject_difficulty_screen,182.6,432.8,1848.0
3359554,subject_difficulty_screen,182.6,432.7,1844.0
3359555,subject_difficulty_screen,182.7,432.7,1840.0
3359556,subject_difficulty_screen,182.8,433.2,1836.0
3359557,subject_difficulty_screen,183.5,433.6,1838.0
3359558,subject_difficulty_screen,184.2,433.9,1840.0
3359559,subject_difficulty_screen,184.8,433.9,1840.0
3359560,subject_difficulty_screen,184.9,433.8,1840.0
3359561,subject_difficulty_screen,184.8,433.7,1841.0
3359562,subject_difficulty_screen,184.8,433.5,1841.0
3359563,subject_difficulty_screen,185.1,433.2,1841.0
3359564,subject_difficulty_screen,185.4,432.9,1840.0
3359565,subject_difficulty_screen,185.6,432.8,1839.0
3359566,subject_difficulty_screen,185.6,432.8,1837.0
3359567,subject_difficulty_screen,185.5,432.7,1836.0
3359568,subject_difficulty_screen,185.6,432.5,1836.0
3359569,subject_difficulty_screen,185.9,432.1,1835.0
3359570,subject_difficulty_screen,186.2,431.9,1835.0
3359571,subject_difficulty_screen,186.1,431.6,1835.0
3359572,subject_difficulty_screen,186.0,431.6,1836.0
3359573,subject_difficulty_screen,185.9,431.8,1836.0
3359574,subject_difficulty_screen,185.9,432.0,1837.0
3359575,subject_difficulty_screen,185.9,432.1,1837.0
3359576,subject_difficulty_screen,185.9,431.8,1837.0
3359577,subject_difficulty_screen,185.8,431.8,1837.0
3359578,subject_difficulty_screen,185.7,432.1,1837.0
3359579,subject_difficulty_screen,186.1,432.7,1838.0
3359580,subject_difficulty_screen,186.6,433.0,1838.0
3359581,subject_difficulty_screen,187.2,433.4,1838.0
3359582,subject_difficulty_screen,186.9,433.2,1840.0
3359583,subject_difficulty_screen,186.5,433.0,1841.0
3359584,subject_difficulty_screen,186.0,433.0,1842.0
3359585,subject_difficulty_screen,186.0,433.4,1842.0
3359586,subject_difficulty_screen,185.9,433.6,1841.0
3359587,subject_difficulty_screen,185.9,433.3,1842.0
3359588,subject_difficulty_screen,185.8,433.0,1843.0
3359589,subject_difficulty_screen,185.6,432.9,1843.0
3359590,subject_difficulty_screen,185.5,433.2,1842.0
3359591,subject_difficulty_screen,185.4,433.4,1841.0
3359592,subject_difficulty_screen,185.5,433.4,1841.0
3359593,subject_difficulty_screen,185.5,433.5,1841.0
3359594,subject_difficulty_screen,185.3,434.0,1841.0
3359595,subject_difficulty_screen,185.0,434.4,1839.0
3359596,subject_difficulty_screen,184.8,434.3,1837.0
3359597,subject_difficulty_screen,184.9,434.0,1835.0
3359598,subject_difficulty_screen,185.1,433.6,1835.0
3359599,subject_difficulty_screen,184.8,433.8,1835.0
3359600,subject_difficulty_screen,184.4,434.1,1836.0
3359601,subject_difficulty_screen,183.9,434.4,1836.0
3359602,subject_difficulty_screen,184.1,434.5,1837.0
3359603,subject_difficulty_screen,184.3,434.6,1838.0
3359604,subject_difficulty_screen,184.5,434.4,1838.0
3359605,subject_difficulty_screen,184.6,434.4,1838.0
3359606,subject_difficulty_screen,184.7,434.4,1838.0
3359607,subject_difficulty_screen,184.6,434.5,1838.0
3359608,subject_difficulty_screen,184.4,434.2,1835.0
3359609,subject_difficulty_screen,184.2,434.3,1833.0
3359610,subject_difficulty_screen,184.2,434.5,1831.0
3359611,subject_difficulty_screen,184.5,434.4,1833.0
3359612,subject_difficulty_screen,184.8,433.8,1836.0
3359613,subject_difficulty_screen,185.0,433.1,1837.0
3359614,subject_difficulty_screen,184.7,432.8,1835.0
3359615,subject_difficulty_screen,184.2,432.8,1833.0
3359616,subject_difficulty_screen,184.0,432.9,1833.0
3359617,subject_difficulty_screen,184.0,433.0,1833.0
3359618,subject_difficulty_screen,183.4,433.0,1832.0
3359619,subject_difficulty_screen,182.8,432.7,1830.0
3359620,subject_difficulty_screen,182.2,432.4,1831.0
3359621,subject_difficulty_screen,182.4,432.9,1834.0
3359622,subject_difficulty_screen,182.8,433.6,1837.0
3359623,subject_difficulty_screen,183.2,433.7,1837.0
3359624,subject_difficulty_screen,183.5,433.0,1837.0
3359625,subject_difficulty_screen,183.6,432.3,1837.0
3359626,subject_difficulty_screen,183.7,432.2,1838.0
3359627,subject_difficulty_screen,184.1,432.2,1840.0
3359628,subject_difficulty_screen,184.5,432.3,1842.0
3359629,subject_difficulty_screen,184.3,432.4,1841.0
3359630,subject_difficulty_screen,183.9,432.6,1841.0
3359631,subject_difficulty_screen,183.6,432.8,1841.0
3359632,subject_difficulty_screen,183.8,432.8,1841.0
3359633,subject_difficulty_screen,184.0,432.7,1841.0
3359634,subject_difficulty_screen,184.2,432.5,1841.0
3359635,subject_difficulty_screen,184.4,432.5,1840.0
3359636,subject_difficulty_screen,184.5,432.4,1837.0
3359637,subject_difficulty_screen,184.3,432.3,1836.0
3359638,subject_difficulty_screen,184.1,432.2,1837.0
3359639,subject_difficulty_screen,184.1,432.2,1838.0
3359640,subject_difficulty_screen,184.3,432.8,1840.0
3359641,subject_difficulty_screen,184.5,433.7,1841.0
3359642,subject_difficulty_screen,184.4,434.4,1842.0
3359643,subject_difficulty_screen,184.5,434.0,1841.0
3359644,subject_difficulty_screen,184.6,433.4,1841.0
3359645,subject_difficulty_screen,184.6,432.7,1840.0
3359646,subject_difficulty_screen,184.6,432.8,1839.0
3359647,subject_difficulty_screen,184.5,432.8,1836.0
3359648,subject_difficulty_screen,184.4,432.7,1834.0
3359649,subject_difficulty_screen,183.9,432.7,1833.0
3359650,subject_difficulty_screen,183.6,432.6,1832.0
3359651,subject_difficulty_screen,183.5,432.5,1835.0
3359652,subject_difficulty_screen,183.7,432.5,1839.0
3359653,subject_difficulty_screen,184.0,432.4,1842.0
3359654,subject_difficulty_screen,184.0,432.4,1842.0
3359655,subject_difficulty_screen,184.1,432.4,1839.0
3359656,subject_difficulty_screen,183.8,432.4,1837.0
3359657,subject_difficulty_screen,183.5,432.4,1835.0
3359658,subject_difficulty_screen,183.6,432.2,1835.0
3359659,subject_difficulty_screen,183.8,432.1,1836.0
3359660,subject_difficulty_screen,184.0,431.9,1837.0
3359661,subject_difficulty_screen,184.0,431.9,1837.0
3359662,subject_difficulty_screen,183.9,431.9,1837.0
3359663,subject_difficulty_screen,183.7,431.9,1837.0
3359664,subject_difficulty_screen,183.5,431.9,1837.0
3359665,subject_difficulty_screen,183.3,432.2,1837.0
3359666,subject_difficulty_screen,183.2,432.6,1837.0
3359667,subject_difficulty_screen,183.1,432.9,1839.0
3359668,subject_difficulty_screen,183.1,432.9,1841.0
3359669,subject_difficulty_screen,183.1,432.9,1843.0
3359670,subject_difficulty_screen,183.0,432.9,1844.0
3359671,subject_difficulty_screen,182.9,433.0,1844.0
3359672,subject_difficulty_screen,182.9,432.8,1845.0
3359673,subject_difficulty_screen,182.9,432.7,1842.0
3359674,subject_difficulty_screen,182.9,432.7,1839.0
3359675,subject_difficulty_screen,182.9,432.9,1836.0
3359676,subject_difficulty_screen,182.8,432.8,1835.0
3359677,subject_difficulty_screen,182.7,432.6,1835.0
3359678,subject_difficulty_screen,182.5,432.3,1834.0
3359679,subject_difficulty_screen,182.5,432.1,1836.0
3359680,subject_difficulty_screen,182.4,431.9,1838.0
3359681,subject_difficulty_screen,182.3,432.2,1839.0
3359682,subject_difficulty_screen,182.6,432.6,1839.0
3359683,subject_difficulty_screen,182.9,433.0,1839.0
3359684,subject_difficulty_screen,183.2,432.9,1838.0
3359685,subject_difficulty_screen,183.1,432.7,1838.0
3359686,subject_difficulty_screen,183.2,432.5,1837.0
3359687,subject_difficulty_screen,183.4,432.6,1836.0
3359688,subject_difficulty_screen,183.6,432.8,1836.0
3359689,subject_difficulty_screen,183.3,433.1,1834.0
3359690,subject_difficulty_screen,183.0,433.3,1832.0
3359691,subject_difficulty_screen,182.8,433.4,1834.0
3359692,subject_difficulty_screen,182.9,433.5,1838.0
3359693,subject_difficulty_screen,182.9,433.8,1841.0
3359694,subject_difficulty_screen,183.3,434.1,1842.0
3359695,subject_difficulty_screen,183.6,434.2,1843.0
3359696,subject_difficulty_screen,183.9,434.2,1843.0
3359697,subject_difficulty_screen,183.9,434.2,1841.0
3359698,subject_difficulty_screen,184.0,434.2,1841.0
3359699,subject_difficulty_screen,184.3,434.0,1842.0
3359700,subject_difficulty_screen,184.4,433.9,1843.0
3359701,subject_difficulty_screen,184.3,433.8,1843.0
3359702,subject_difficulty_screen,184.2,433.9,1844.0
3359703,subject_difficulty_screen,184.1,434.0,1845.0
3359704,subject_difficulty_screen,183.8,434.1,1845.0
3359705,subject_difficulty_screen,183.5,434.4,1845.0
3359706,subject_difficulty_screen,183.5,434.6,1844.0
3359707,subject_difficulty_screen,183.7,435.0,1843.0
3359708,subject_difficulty_screen,184.0,435.2,1843.0
3359709,subject_difficulty_screen,184.0,435.4,1844.0
3359710,subject_difficulty_screen,184.1,435.2,1845.0
3359711,subject_difficulty_screen,184.2,434.8,1845.0
3359712,subject_difficulty_screen,184.0,434.4,1845.0
3359713,subject_difficulty_screen,183.6,434.1,1844.0
3359714,subject_difficulty_screen,183.2,433.8,1843.0
3359715,subject_difficulty_screen,182.9,433.4,1843.0
3359716,subject_difficulty_screen,182.8,433.1,1841.0
3359717,subject_difficulty_screen,182.8,433.4,1838.0
3359718,subject_difficulty_screen,182.9,433.8,1836.0
3359719,subject_difficulty_screen,183.3,434.2,1838.0
3359720,subject_difficulty_screen,183.6,434.3,1841.0
3359721,subject_difficulty_screen,183.7,434.4,1843.0
3359722,subject_difficulty_screen,183.7,434.5,1844.0
3359723,subject_difficulty_screen,183.7,434.6,1844.0
3359724,subject_difficulty_screen,183.7,434.7,1843.0
3359725,subject_difficulty_screen,183.8,434.6,1843.0
3359726,subject_difficulty_screen,183.8,434.6,1843.0
3359727,subject_difficulty_screen,183.8,434.4,1842.0
3359728,subject_difficulty_screen,183.9,434.4,1841.0
3359729,subject_difficulty_screen,184.0,434.7,1842.0
3359730,subject_difficulty_screen,184.1,435.1,1844.0
3359731,subject_difficulty_screen,184.2,435.4,1847.0
3359732,subject_difficulty_screen,184.2,435.3,1846.0
3359733,subject_difficulty_screen,184.2,435.2,1845.0
3359734,subject_difficulty_screen,184.1,435.1,1844.0
3359735,subject_difficulty_screen,184.1,435.1,1843.0
3359736,subject_difficulty_screen,184.1,435.2,1843.0
3359737,subject_difficulty_screen,183.9,435.2,1843.0
3359738,subject_difficulty_screen,183.8,435.3,1843.0
3359739,subject_difficulty_screen,183.9,435.2,1844.0
3359740,subject_difficulty_screen,184.3,435.2,1846.0
3359741,subject_difficulty_screen,185.1,435.2,1847.0
3359742,subject_difficulty_screen,185.7,435.3,1847.0
3359743,subject_difficulty_screen,186.0,435.4,1848.0
3359744,subject_difficulty_screen,186.0,435.5,1848.0
3359745,subject_difficulty_screen,186.1,435.7,1848.0
3359746,subject_difficulty_screen,186.2,435.8,1847.0
3359747,subject_difficulty_screen,185.9,435.7,1847.0
3359748,subject_difficulty_screen,185.6,435.5,1846.0
3359749,subject_difficulty_screen,185.2,435.2,1846.0
3359750,subject_difficulty_screen,185.2,435.2,1848.0
3359751,subject_difficulty_screen,185.2,435.2,1851.0
3359752,subject_difficulty_screen,185.3,435.4,1855.0
3359753,subject_difficulty_screen,185.4,435.8,1855.0
3359754,subject_difficulty_screen,185.4,436.0,1853.0
3359755,subject_difficulty_screen,185.3,435.9,1850.0
3359756,subject_difficulty_screen,185.3,435.4,1849.0
3359757,subject_difficulty_screen,185.2,435.7,1850.0
3359758,subject_difficulty_screen,185.0,436.2,1851.0
3359759,subject_difficulty_screen,184.9,436.7,1851.0
3359760,subject_difficulty_screen,184.8,436.7,1850.0
3359761,subject_difficulty_screen,184.9,437.1,1850.0
3359762,subject_difficulty_screen,185.7,437.5,1850.0
3359763,subject_difficulty_screen,186.5,438.4,1851.0
3359764,subject_difficulty_screen,188.3,439.1,1852.0
3359765,subject_difficulty_screen,189.8,440.1,1856.0
3359766,subject_difficulty_screen,192.3,440.6,1858.0
3359767,subject_difficulty_screen,193.9,441.0,1860.0
3359768,subject_difficulty_screen,196.3,441.5,1858.0
3359769,subject_difficulty_screen,198.8,442.5,1857.0
3359770,subject_difficulty_screen,201.4,443.4,1857.0
3359771,subject_difficulty_screen,202.9,444.0,1859.0
3359772,subject_difficulty_screen,205.1,444.2,1862.0
3359773,subject_difficulty_screen,206.9,444.6,1864.0
3359774,subject_difficulty_screen,208.9,445.1,1864.0
3359775,subject_difficulty_screen,209.1,445.5,1863.0
3359776,subject_difficulty_screen,209.3,445.4,1862.0
3359777,subject_difficulty_screen,209.3,445.2,1860.0
3359778,subject_difficulty_screen,209.5,444.8,1859.0
3359779,subject_difficulty_screen,209.4,444.7,1859.0
3359780,subject_difficulty_screen,209.2,444.0,1862.0
3359781,subject_difficulty_screen,209.1,443.4,1866.0
3359782,subject_difficulty_screen,208.8,442.8,1871.0
3359783,subject_difficulty_screen,208.5,443.0,1873.0
3359784,subject_difficulty_screen,208.0,443.1,1874.0
3359785,subject_difficulty_screen,207.9,443.0,1874.0
3359786,subject_difficulty_screen,207.7,442.6,1874.0
3359787,subject_difficulty_screen,207.7,442.6,1873.0
3359788,subject_difficulty_screen,207.7,442.8,1872.0
3359789,subject_difficulty_screen,207.7,443.0,1871.0
3359790,subject_difficulty_screen,207.8,443.1,1871.0
3359791,subject_difficulty_screen,207.8,443.2,1871.0
3359792,subject_difficulty_screen,207.8,443.4,1870.0
3359793,subject_difficulty_screen,207.7,443.3,1870.0
3359794,subject_difficulty_screen,207.7,443.3,1869.0
3359795,subject_difficulty_screen,207.8,443.4,1868.0
3359796,subject_difficulty_screen,207.9,443.6,1867.0
3359797,subject_difficulty_screen,208.0,443.6,1867.0
3359798,subject_difficulty_screen,208.1,443.4,1867.0
3359799,subject_difficulty_screen,208.2,443.3,1867.0
3359800,subject_difficulty_screen,208.1,443.3,1867.0
3359801,subject_difficulty_screen,208.0,443.4,1868.0
3359802,subject_difficulty_screen,208.1,443.6,1869.0
3359803,subject_difficulty_screen,208.2,443.7,1871.0
3359804,subject_difficulty_screen,208.3,443.8,1871.0
3359805,subject_difficulty_screen,208.2,443.9,1871.0
3359806,subject_difficulty_screen,208.0,443.9,1871.0
3359807,subject_difficulty_screen,208.0,443.9,1871.0
3359808,subject_difficulty_screen,208.1,443.7,1869.0
3359809,subject_difficulty_screen,208.3,443.5,1867.0
3359810,subject_difficulty_screen,208.5,443.7,1867.0
3359811,subject_difficulty_screen,208.6,444.4,1868.0
3359812,subject_difficulty_screen,208.3,445.4,1869.0
3359813,subject_difficulty_screen,207.9,446.1,1869.0
3359814,subject_difficulty_screen,207.5,446.4,1870.0
3359815,subject_difficulty_screen,207.6,446.5,1870.0
3359816,subject_difficulty_screen,207.9,446.6,1871.0
3359817,subject_difficulty_screen,208.1,446.6,1871.0
3359818,subject_difficulty_screen,208.2,446.7,1870.0
3359819,subject_difficulty_screen,208.3,446.6,1869.0
3359820,subject_difficulty_screen,208.5,446.6,1870.0
3359821,subject_difficulty_screen,208.7,446.6,1873.0
3359822,subject_difficulty_screen,208.6,446.6,1876.0
3359823,subject_difficulty_screen,208.5,446.4,1876.0
3359824,subject_difficulty_screen,208.4,446.2,1875.0
3359825,subject_difficulty_screen,208.3,446.3,1875.0
3359826,subject_difficulty_screen,208.6,446.5,1875.0
3359827,subject_difficulty_screen,208.9,446.8,1874.0
3359828,subject_difficulty_screen,209.2,447.2,1874.0
3359829,subject_difficulty_screen,209.3,447.4,1873.0
3359830,subject_difficulty_screen,209.4,447.6,1871.0
3359831,subject_difficulty_screen,209.5,447.6,1871.0
3359832,subject_difficulty_screen,209.5,447.7,1871.0
3359833,subject_difficulty_screen,209.4,447.8,1871.0
3359834,subject_difficulty_screen,209.1,447.9,1870.0
3359835,subject_difficulty_screen,208.7,447.9,1869.0
3359836,subject_difficulty_screen,208.4,447.6,1868.0
3359837,subject_difficulty_screen,208.5,447.3,1867.0
3359838,subject_difficulty_screen,208.6,447.0,1866.0
3359839,subject_difficulty_screen,208.6,447.1,1867.0
3359840,subject_difficulty_screen,208.6,447.1,1869.0
3359841,subject_difficulty_screen,208.5,447.4,1870.0
3359842,subject_difficulty_screen,208.6,447.6,1871.0
3359843,subject_difficulty_screen,208.9,447.8,1872.0
3359844,subject_difficulty_screen,209.3,447.5,1873.0
3359845,subject_difficulty_screen,209.2,447.1,1873.0
3359846,subject_difficulty_screen,208.9,447.0,1873.0
3359847,subject_difficulty_screen,208.6,447.3,1873.0
3359848,subject_difficulty_screen,209.2,447.8,1873.0
3359849,subject_difficulty_screen,209.8,448.2,1872.0
3359850,subject_difficulty_screen,210.1,448.4,1872.0
3359851,subject_difficulty_screen,209.8,448.3,1876.0
3359852,subject_difficulty_screen,209.5,448.3,1880.0
3359853,subject_difficulty_screen,209.9,448.7,1881.0
3359854,subject_difficulty_screen,210.3,449.0,1879.0
3359855,subject_difficulty_screen,210.7,449.3,1878.0
3359856,subject_difficulty_screen,210.9,449.6,1880.0
3359857,subject_difficulty_screen,211.2,449.9,1882.0
3359858,subject_difficulty_screen,211.5,450.2,1883.0
3359859,subject_difficulty_screen,211.5,450.2,1883.0
3359860,subject_difficulty_screen,211.5,449.8,1883.0
3359861,subject_difficulty_screen,211.6,449.3,1883.0
3359862,subject_difficulty_screen,211.5,449.1,1883.0
3359863,subject_difficulty_screen,211.4,449.4,1884.0
3359864,subject_difficulty_screen,211.4,449.8,1886.0
3359865,subject_difficulty_screen,211.5,450.0,1887.0
3359866,subject_difficulty_screen,211.7,450.2,1889.0
3359867,subject_difficulty_screen,211.8,450.1,1889.0
3359868,subject_difficulty_screen,211.9,449.7,1888.0
3359869,subject_difficulty_screen,211.9,449.3,1886.0
3359870,subject_difficulty_screen,211.7,449.1,1884.0
3359871,subject_difficulty_screen,211.4,449.2,1884.0
3359872,subject_difficulty_screen,211.4,449.1,1884.0
3359873,subject_difficulty_screen,211.4,448.9,1884.0
3359874,subject_difficulty_screen,211.4,448.7,1884.0
3359875,subject_difficulty_screen,211.5,448.7,1884.0
3359876,subject_difficulty_screen,211.4,448.4,1885.0
3359877,subject_difficulty_screen,211.3,448.2,1884.0
3359878,subject_difficulty_screen,211.2,448.5,1884.0
3359879,subject_difficulty_screen,211.1,449.1,1883.0
3359880,subject_difficulty_screen,211.3,449.7,1884.0
3359881,subject_difficulty_screen,211.5,449.7,1885.0
3359882,subject_difficulty_screen,211.2,449.5,1885.0
3359883,subject_difficulty_screen,210.7,448.8,1885.0
3359884,subject_difficulty_screen,210.4,448.1,1883.0
3359885,subject_difficulty_screen,210.6,447.7,1881.0
3359886,subject_difficulty_screen,210.8,447.8,1878.0
3359887,subject_difficulty_screen,211.3,448.0,1878.0
3359888,subject_difficulty_screen,211.6,448.1,1878.0
3359889,subject_difficulty_screen,211.8,448.2,1879.0
3359890,subject_difficulty_screen,211.7,448.4,1881.0
3359891,subject_difficulty_screen,211.5,448.7,1882.0
3359892,subject_difficulty_screen,211.1,449.0,1882.0
3359893,subject_difficulty_screen,210.7,449.2,1883.0
3359894,subject_difficulty_screen,210.6,449.2,1883.0
3359895,subject_difficulty_screen,210.5,449.1,1883.0
3359896,subject_difficulty_screen,210.5,448.9,1882.0
3359897,subject_difficulty_screen,210.6,448.9,1880.0
3359898,subject_difficulty_screen,210.6,449.2,1880.0
3359899,subject_difficulty_screen,210.6,449.5,1881.0
3359900,subject_difficulty_screen,211.2,449.8,1883.0
3359901,subject_difficulty_screen,211.9,450.0,1884.0
3359902,subject_difficulty_screen,212.5,450.2,1885.0
3359903,subject_difficulty_screen,212.4,450.5,1884.0
3359904,subject_difficulty_screen,212.2,450.6,1882.0
3359905,subject_difficulty_screen,211.8,450.9,1879.0
3359906,subject_difficulty_screen,211.5,451.4,1879.0
3359907,subject_difficulty_screen,211.2,451.9,1880.0
3359908,subject_difficulty_screen,211.2,452.2,1881.0
3359909,subject_difficulty_screen,211.2,452.1,1883.0
3359910,subject_difficulty_screen,210.9,452.0,1883.0
3359911,subject_difficulty_screen,210.6,452.5,1883.0
3359912,subject_difficulty_screen,210.4,453.1,1883.0
3359913,subject_difficulty_screen,210.5,453.8,1883.0
3359914,subject_difficulty_screen,210.8,454.0,1882.0
3359915,subject_difficulty_screen,211.0,453.9,1879.0
3359916,subject_difficulty_screen,210.5,453.4,1876.0
3359917,subject_difficulty_screen,210.0,452.8,1875.0
3359918,subject_difficulty_screen,209.8,452.4,1874.0
3359919,subject_difficulty_screen,210.0,452.5,1872.0
3359920,subject_difficulty_screen,210.3,452.5,1870.0
3359921,subject_difficulty_screen,210.2,452.3,1869.0
3359922,subject_difficulty_screen,210.2,452.2,1869.0
3359923,subject_difficulty_screen,210.0,452.9,1870.0
3359924,subject_difficulty_screen,209.8,453.6,1870.0
3359925,subject_difficulty_screen,209.8,454.2,1870.0
3359926,subject_difficulty_screen,209.9,453.9,1871.0
3359927,subject_difficulty_screen,209.9,453.0,1872.0
3359928,subject_difficulty_screen,209.8,452.2,1874.0
3359929,subject_difficulty_screen,209.7,451.5,1875.0
3359930,subject_difficulty_screen,209.6,451.4,1873.0
3359931,subject_difficulty_screen,209.4,451.3,1872.0
3359932,subject_difficulty_screen,209.4,450.7,1870.0
3359933,subject_difficulty_screen,209.4,449.9,1871.0
3359934,subject_difficulty_screen,209.5,449.3,1871.0
3359935,subject_difficulty_screen,209.5,449.5,1870.0
3359936,subject_difficulty_screen,209.7,450.0,1868.0
3359937,subject_difficulty_screen,209.9,450.5,1867.0
3359938,subject_difficulty_screen,210.0,450.6,1866.0
3359939,subject_difficulty_screen,209.8,450.9,1866.0
3359940,subject_difficulty_screen,209.5,451.0,1868.0
3359941,subject_difficulty_screen,209.5,451.1,1869.0
3359942,subject_difficulty_screen,210.1,451.1,1871.0
3359943,subject_difficulty_screen,211.0,451.5,1869.0
3359944,subject_difficulty_screen,211.7,451.9,1868.0
3359945,subject_difficulty_screen,211.9,452.0,1866.0
3359946,subject_difficulty_screen,211.9,452.0,1865.0
3359947,subject_difficulty_screen,211.9,452.0,1864.0
3359948,subject_difficulty_screen,211.9,452.3,1864.0
3359949,subject_difficulty_screen,212.0,452.6,1864.0
3359950,subject_difficulty_screen,212.3,453.0,1864.0
3359951,subject_difficulty_screen,212.2,453.2,1865.0
3359952,subject_difficulty_screen,211.9,453.3,1866.0
3359953,subject_difficulty_screen,211.6,453.2,1868.0
3359954,subject_difficulty_screen,211.6,453.0,1869.0
3359955,subject_difficulty_screen,211.6,453.4,1869.0
3359956,subject_difficulty_screen,211.7,454.1,1867.0
3359957,subject_difficulty_screen,211.8,454.7,1864.0
3359958,subject_difficulty_screen,211.6,454.5,1861.0
3359959,subject_difficulty_screen,211.5,454.4,1861.0
3359960,subject_difficulty_screen,211.5,454.3,1863.0
3359961,subject_difficulty_screen,211.7,454.4,1866.0
3359962,subject_difficulty_screen,211.9,454.9,1866.0
3359963,subject_difficulty_screen,211.8,455.3,1863.0
3359964,subject_difficulty_screen,211.3,455.6,1860.0
3359965,subject_difficulty_screen,210.8,455.5,1858.0
3359966,subject_difficulty_screen,210.2,455.4,1859.0
3359967,subject_difficulty_screen,210.0,455.2,1860.0
3359968,subject_difficulty_screen,210.2,455.1,1861.0
3359969,subject_difficulty_screen,210.6,454.9,1861.0
3359970,subject_difficulty_screen,210.9,455.0,1862.0
3359971,subject_difficulty_screen,210.9,455.2,1863.0
3359972,subject_difficulty_screen,210.8,455.4,1862.0
3359973,subject_difficulty_screen,210.4,455.3,1860.0
3359974,subject_difficulty_screen,210.1,455.1,1858.0
3359975,subject_difficulty_screen,209.8,454.8,1858.0
3359976,subject_difficulty_screen,209.8,454.5,1858.0
3359977,subject_difficulty_screen,209.9,453.9,1857.0
3359978,subject_difficulty_screen,210.0,453.4,1857.0
3359979,subject_difficulty_screen,210.2,452.9,1855.0
3359980,subject_difficulty_screen,210.3,452.7,1856.0
3359981,subject_difficulty_screen,210.4,452.5,1857.0
3359982,subject_difficulty_screen,210.3,452.3,1860.0
3359983,subject_difficulty_screen,210.3,452.1,1861.0
3359984,subject_difficulty_screen,210.3,452.0,1860.0
3359985,subject_difficulty_screen,210.3,451.7,1858.0
3359986,subject_difficulty_screen,210.3,451.4,1855.0
3359987,subject_difficulty_screen,210.2,451.2,1854.0
3359988,subject_difficulty_screen,210.2,451.1,1854.0
3359989,subject_difficulty_screen,210.2,450.5,1853.0
3359990,subject_difficulty_screen,210.4,450.0,1851.0
3359991,subject_difficulty_screen,210.7,450.1,1852.0
3359992,subject_difficulty_screen,210.8,450.6,1854.0
3359993,subject_difficulty_screen,210.9,451.2,1856.0
3359994,subject_difficulty_screen,210.8,451.4,1854.0
3359995,subject_difficulty_screen,210.9,451.5,1854.0
3359996,subject_difficulty_screen,211.2,451.6,1853.0
3359997,subject_difficulty_screen,211.8,451.7,1852.0
3359998,subject_difficulty_screen,212.3,452.1,1850.0
3359999,subject_difficulty_screen,212.4,452.6,1848.0
3360000,subject_difficulty_screen,212.1,452.9,1848.0
3360001,subject_difficulty_screen,211.9,453.0,1849.0
3360002,subject_difficulty_screen,212.0,453.1,1849.0
3360003,subject_difficulty_screen,212.1,453.1,1848.0
3360004,subject_difficulty_screen,212.2,453.3,1846.0
3360005,subject_difficulty_screen,212.5,453.4,1845.0
3360006,subject_difficulty_screen,213.3,453.6,1845.0
3360007,subject_difficulty_screen,214.2,453.4,1845.0
3360008,subject_difficulty_screen,214.9,453.1,1845.0
3360009,subject_difficulty_screen,214.7,453.2,1845.0
3360010,subject_difficulty_screen,214.4,453.6,1847.0
3360011,subject_difficulty_screen,214.0,454.1,1847.0
3360012,subject_difficulty_screen,213.8,454.3,1846.0
3360013,subject_difficulty_screen,213.5,454.3,1844.0
3360014,subject_difficulty_screen,213.3,454.4,1842.0
3360015,subject_difficulty_screen,213.3,454.4,1841.0
3360016,subject_difficulty_screen,214.0,454.5,1841.0
3360017,subject_difficulty_screen,214.7,454.5,1840.0
3360018,subject_difficulty_screen,214.7,454.4,1839.0
3360019,subject_difficulty_screen,214.1,454.2,1839.0
3360020,subject_difficulty_screen,213.6,454.2,1840.0
3360021,subject_difficulty_screen,213.6,454.2,1841.0
3360022,subject_difficulty_screen,213.6,454.5,1841.0
3360023,subject_difficulty_screen,213.6,454.7,1841.0
3360024,subject_difficulty_screen,213.6,455.0,1840.0
3360025,subject_difficulty_screen,213.6,455.1,1839.0
3360026,subject_difficulty_screen,213.5,455.1,1837.0
3360027,subject_difficulty_screen,213.5,455.5,1835.0
3360028,subject_difficulty_screen,213.5,455.9,1834.0
3360029,subject_difficulty_screen,213.5,456.3,1836.0
3360030,subject_difficulty_screen,213.1,456.3,1837.0
3360031,subject_difficulty_screen,212.9,456.0,1837.0
3360032,subject_difficulty_screen,212.3,455.5,1835.0
3360033,subject_difficulty_screen,211.9,455.0,1833.0
3360034,subject_difficulty_screen,211.7,454.7,1831.0
3360035,subject_difficulty_screen,211.8,454.7,1831.0
3360036,subject_difficulty_screen,211.5,454.6,1830.0
3360037,subject_difficulty_screen,211.1,454.8,1828.0
3360038,subject_difficulty_screen,210.8,454.9,1827.0
3360039,subject_difficulty_screen,211.0,455.0,1829.0
3360040,subject_difficulty_screen,211.3,455.4,1832.0
3360041,subject_difficulty_screen,211.4,455.8,1835.0
3360042,subject_difficulty_screen,211.5,456.2,1835.0
3360043,subject_difficulty_screen,211.5,456.2,1835.0
3360044,subject_difficulty_screen,211.5,456.1,1835.0
3360045,subject_difficulty_screen,211.2,456.1,1834.0
3360046,subject_difficulty_screen,211.0,456.0,1833.0
3360047,subject_difficulty_screen,210.7,456.0,1833.0
3360048,subject_difficulty_screen,210.6,455.9,1833.0
3360049,subject_difficulty_screen,210.5,455.7,1833.0
3360050,subject_difficulty_screen,211.2,455.5,1833.0
3360051,subject_difficulty_screen,212.0,455.1,1833.0
3360052,subject_difficulty_screen,212.9,455.0,1833.0
3360053,subject_difficulty_screen,213.0,454.8,1832.0
3360054,subject_difficulty_screen,212.6,454.7,1832.0
3360055,subject_difficulty_screen,212.1,454.7,1832.0
3360056,subject_difficulty_screen,212.0,454.7,1831.0
3360057,subject_difficulty_screen,212.5,454.8,1829.0
3360058,subject_difficulty_screen,212.9,454.8,1828.0
3360059,subject_difficulty_screen,212.9,455.0,1827.0
3360060,subject_difficulty_screen,212.9,455.3,1827.0
3360061,subject_difficulty_screen,212.9,455.6,1828.0
3360062,subject_difficulty_screen,212.9,455.6,1831.0
3360063,subject_difficulty_screen,213.0,455.6,1833.0
3360064,subject_difficulty_screen,213.1,455.6,1831.0
3360065,subject_difficulty_screen,213.2,455.4,1828.0
3360066,subject_difficulty_screen,213.2,455.2,1825.0
3360067,subject_difficulty_screen,213.3,455.1,1824.0
3360068,subject_difficulty_screen,213.4,454.8,1825.0
3360069,subject_difficulty_screen,213.5,454.5,1826.0
3360070,subject_difficulty_screen,213.6,454.7,1826.0
3360071,subject_difficulty_screen,213.5,455.1,1826.0
3360072,subject_difficulty_screen,212.9,455.5,1826.0
3360073,subject_difficulty_screen,212.5,455.3,1824.0
3360074,subject_difficulty_screen,212.6,454.9,1823.0
3360075,subject_difficulty_screen,213.6,454.6,1820.0
3360076,subject_difficulty_screen,214.5,454.5,1819.0
3360077,subject_difficulty_screen,215.0,455.1,1817.0
3360078,subject_difficulty_screen,215.0,455.6,1817.0
3360079,subject_difficulty_screen,214.9,455.7,1817.0
3360080,subject_difficulty_screen,214.5,455.3,1817.0
3360081,subject_difficulty_screen,214.2,454.7,1819.0
3360082,subject_difficulty_screen,214.2,454.3,1822.0
3360083,subject_difficulty_screen,213.8,453.9,1823.0
3360084,subject_difficulty_screen,213.4,453.9,1823.0
3360085,subject_difficulty_screen,212.9,454.1,1822.0
3360086,subject_difficulty_screen,212.7,454.7,1821.0
3360087,subject_difficulty_screen,212.4,455.3,1819.0
3360088,subject_difficulty_screen,212.3,455.4,1816.0
3360089,subject_difficulty_screen,212.3,455.2,1815.0
3360090,subject_difficulty_screen,212.3,455.0,1814.0
3360091,subject_difficulty_screen,212.5,454.8,1814.0
3360092,subject_difficulty_screen,212.6,454.7,1813.0
3360093,subject_difficulty_screen,212.8,454.5,1812.0
3360094,subject_difficulty_screen,213.0,454.3,1810.0
3360095,subject_difficulty_screen,213.1,454.0,1809.0
3360096,subject_difficulty_screen,213.2,453.7,1807.0
3360097,subject_difficulty_screen,213.1,453.7,1806.0
3360098,subject_difficulty_screen,213.1,453.8,1806.0
3360099,subject_difficulty_screen,213.4,453.9,1807.0
3360100,subject_difficulty_screen,213.7,453.9,1810.0
3360101,subject_difficulty_screen,213.9,453.8,1812.0
3360102,subject_difficulty_screen,213.5,453.9,1814.0
3360103,subject_difficulty_screen,213.2,454.0,1815.0
3360104,subject_difficulty_screen,212.9,454.2,1813.0
3360105,subject_difficulty_screen,212.8,454.4,1812.0
3360106,subject_difficulty_screen,213.2,454.5,1810.0
3360107,subject_difficulty_screen,213.7,454.5,1811.0
3360108,subject_difficulty_screen,214.2,453.9,1812.0
3360109,subject_difficulty_screen,214.3,453.3,1813.0
3360110,subject_difficulty_screen,214.4,452.7,1814.0
3360111,subject_difficulty_screen,214.7,452.7,1814.0
3360112,subject_difficulty_screen,214.9,452.9,1814.0
3360113,subject_difficulty_screen,214.9,453.2,1814.0
3360114,subject_difficulty_screen,214.3,453.9,1814.0
3360115,subject_difficulty_screen,213.8,454.3,1813.0
3360116,subject_difficulty_screen,213.6,454.6,1813.0
3360117,subject_difficulty_screen,213.4,454.2,1812.0
3360118,subject_difficulty_screen,213.2,453.8,1811.0
3360119,subject_difficulty_screen,212.9,453.5,1810.0
3360120,subject_difficulty_screen,212.8,453.9,1809.0
3360121,subject_difficulty_screen,212.8,454.3,1810.0
3360122,subject_difficulty_screen,212.8,454.3,1810.0
3360123,subject_difficulty_screen,212.6,454.1,1810.0
3360124,subject_difficulty_screen,212.0,453.7,1811.0
3360125,subject_difficulty_screen,211.4,453.6,1811.0
3360126,subject_difficulty_screen,210.8,453.6,1810.0
3360127,subject_difficulty_screen,210.6,453.8,1810.0
3360128,subject_difficulty_screen,210.4,454.0,1807.0
3360129,subject_difficulty_screen,210.2,454.0,1805.0
3360130,subject_difficulty_screen,210.1,454.1,1804.0
3360131,subject_difficulty_screen,210.0,454.1,1804.0
3360132,subject_difficulty_screen,210.2,454.2,1804.0
3360133,subject_difficulty_screen,210.8,454.2,1804.0
3360134,subject_difficulty_screen,211.4,454.2,1803.0
3360135,subject_difficulty_screen,211.7,454.2,1802.0
3360136,subject_difficulty_screen,212.1,454.3,1804.0
3360137,subject_difficulty_screen,212.6,454.3,1805.0
3360138,subject_difficulty_screen,213.1,454.4,1804.0
3360139,subject_difficulty_screen,213.2,454.6,1801.0
3360140,subject_difficulty_screen,213.7,455.2,1803.0
3360141,subject_difficulty_screen,214.2,455.7,1809.0
3360142,subject_difficulty_screen,214.4,456.0,1815.0
3360143,subject_difficulty_screen,213.9,455.9,1814.0
3360144,subject_difficulty_screen,213.4,455.6,1811.0
3360145,subject_difficulty_screen,212.7,455.3,1807.0
3360146,subject_difficulty_screen,212.1,454.7,1805.0
3360147,subject_difficulty_screen,211.2,454.3,1804.0
3360148,subject_difficulty_screen,210.7,453.9,1804.0
3360149,subject_difficulty_screen,210.3,453.8,1804.0
3360150,subject_difficulty_screen,210.2,454.0,1804.0
3360151,subject_difficulty_screen,210.2,454.5,1804.0
3360152,subject_difficulty_screen,210.6,455.0,1804.0
3360153,subject_difficulty_screen,211.2,455.3,1803.0
3360154,subject_difficulty_screen,211.6,455.3,1801.0
3360155,subject_difficulty_screen,211.8,455.4,1800.0
3360156,subject_difficulty_screen,211.8,455.4,1799.0
3360157,subject_difficulty_screen,211.9,454.8,1798.0
3360158,subject_difficulty_screen,212.1,454.4,1796.0
3360159,subject_difficulty_screen,212.3,454.1,1797.0
3360160,subject_difficulty_screen,212.0,454.3,1799.0
3360161,subject_difficulty_screen,211.0,454.5,1802.0
3360162,subject_difficulty_screen,210.0,454.6,1803.0
3360163,subject_difficulty_screen,209.8,454.6,1804.0
3360164,subject_difficulty_screen,210.0,454.5,1804.0
3360165,subject_difficulty_screen,210.3,454.6,1803.0
3360166,subject_difficulty_screen,210.5,454.7,1802.0
3360167,subject_difficulty_screen,210.8,454.9,1801.0
3360168,subject_difficulty_screen,211.2,454.9,1801.0
3360169,subject_difficulty_screen,211.7,454.9,1801.0
3360170,subject_difficulty_screen,212.3,454.1,1800.0
3360171,subject_difficulty_screen,212.9,453.3,1800.0
3360172,subject_difficulty_screen,213.0,453.1,1802.0
3360173,subject_difficulty_screen,213.0,453.6,1805.0
3360174,subject_difficulty_screen,212.4,453.6,1806.0
3360175,subject_difficulty_screen,211.8,453.0,1805.0
3360176,subject_difficulty_screen,211.1,452.7,1801.0
3360177,subject_difficulty_screen,210.9,453.3,1799.0
3360178,subject_difficulty_screen,210.6,453.8,1799.0
3360179,subject_difficulty_screen,210.6,454.0,1800.0
3360180,subject_difficulty_screen,211.0,453.9,1801.0
3360181,subject_difficulty_screen,211.3,453.7,1800.0
3360182,subject_difficulty_screen,211.4,453.7,1800.0
3360183,subject_difficulty_screen,211.5,453.6,1800.0
3360184,subject_difficulty_screen,211.8,453.7,1800.0
3360185,subject_difficulty_screen,212.3,453.7,1800.0
3360186,subject_difficulty_screen,212.6,453.8,1799.0
3360187,subject_difficulty_screen,211.9,453.4,1799.0
3360188,subject_difficulty_screen,210.9,452.9,1798.0
3360189,subject_difficulty_screen,209.8,452.6,1798.0
3360190,subject_difficulty_screen,209.7,453.1,1798.0
3360191,subject_difficulty_screen,209.8,453.5,1798.0
3360192,subject_difficulty_screen,210.1,453.7,1799.0
3360193,subject_difficulty_screen,210.9,453.6,1800.0
3360194,subject_difficulty_screen,211.7,453.6,1799.0
3360195,subject_difficulty_screen,212.3,453.6,1797.0
3360196,subject_difficulty_screen,212.4,453.6,1795.0
3360197,subject_difficulty_screen,212.4,453.7,1795.0
3360198,subject_difficulty_screen,212.0,453.7,1795.0
3360199,subject_difficulty_screen,211.4,453.3,1795.0
3360200,subject_difficulty_screen,210.5,452.9,1796.0
3360201,subject_difficulty_screen,210.0,452.6,1796.0
3360202,subject_difficulty_screen,209.7,452.9,1795.0
3360203,subject_difficulty_screen,209.9,453.1,1795.0
3360204,subject_difficulty_screen,210.0,453.4,1796.0
3360205,subject_difficulty_screen,210.8,454.0,1798.0
3360206,subject_difficulty_screen,211.5,454.4,1798.0
3360207,subject_difficulty_screen,211.9,454.7,1799.0
3360208,subject_difficulty_screen,211.8,454.4,1798.0
3360209,subject_difficulty_screen,211.4,454.1,1796.0
3360210,subject_difficulty_screen,211.1,453.9,1793.0
3360211,subject_difficulty_screen,210.5,453.5,1792.0
3360212,subject_difficulty_screen,210.0,453.1,1792.0
3360213,subject_difficulty_screen,209.2,452.4,1791.0
3360214,subject_difficulty_screen,208.7,452.1,1789.0
3360215,subject_difficulty_screen,208.2,451.8,1787.0
3360216,subject_difficulty_screen,208.4,452.2,1786.0
3360217,subject_difficulty_screen,208.9,452.6,1786.0
3360218,subject_difficulty_screen,209.8,453.1,1787.0
3360219,subject_difficulty_screen,210.4,453.4,1790.0
3360220,subject_difficulty_screen,210.7,453.5,1793.0
3360221,subject_difficulty_screen,211.0,453.4,1794.0
3360222,subject_difficulty_screen,211.5,453.2,1793.0
3360223,subject_difficulty_screen,212.0,453.7,1792.0
3360224,subject_difficulty_screen,212.2,454.3,1791.0
3360225,subject_difficulty_screen,210.5,454.9,1791.0
3360226,subject_difficulty_screen,208.8,454.9,1791.0
3360227,subject_difficulty_screen,207.3,454.9,1792.0
3360228,subject_difficulty_screen,207.3,454.7,1792.0
3360229,subject_difficulty_screen,207.8,454.5,1792.0
3360230,subject_difficulty_screen,208.2,454.2,1791.0
3360231,subject_difficulty_screen,208.6,454.1,1791.0
3360232,subject_difficulty_screen,208.5,453.8,1792.0
3360233,subject_difficulty_screen,208.9,453.5,1792.0
3360234,subject_difficulty_screen,209.4,453.6,1792.0
3360235,subject_difficulty_screen,209.9,454.1,1790.0
3360236,subject_difficulty_screen,209.3,454.0,1788.0
3360237,subject_difficulty_screen,208.6,453.5,1786.0
3360238,subject_difficulty_screen,207.9,453.0,1784.0
3360239,subject_difficulty_screen,207.7,452.6,1782.0
3360240,subject_difficulty_screen,207.5,452.2,1780.0
3360241,subject_difficulty_screen,207.4,451.8,1782.0
3360242,subject_difficulty_screen,207.1,451.9,1786.0
3360243,subject_difficulty_screen,206.8,452.0,1787.0
3360244,subject_difficulty_screen,207.6,452.0,1786.0
3360245,subject_difficulty_screen,208.5,452.5,1786.0
3360246,subject_difficulty_screen,209.3,453.0,1787.0
3360247,subject_difficulty_screen,209.1,453.4,1788.0
3360248,subject_difficulty_screen,209.2,453.4,1787.0
3360249,subject_difficulty_screen,209.6,453.5,1787.0
3360250,subject_difficulty_screen,209.9,453.6,1787.0
3360251,subject_difficulty_screen,209.4,453.6,1788.0
3360252,subject_difficulty_screen,208.6,453.5,1788.0
3360253,subject_difficulty_screen,207.1,453.4,1788.0
3360254,subject_difficulty_screen,206.3,453.4,1787.0
3360255,subject_difficulty_screen,205.7,453.5,1788.0
3360256,subject_difficulty_screen,205.8,453.5,1788.0
3360257,subject_difficulty_screen,205.9,453.5,1787.0
3360258,subject_difficulty_screen,205.9,453.5,1785.0
3360259,subject_difficulty_screen,205.9,454.1,1783.0
3360260,subject_difficulty_screen,205.8,454.5,1783.0
3360261,subject_difficulty_screen,205.9,454.9,1783.0
3360262,subject_difficulty_screen,206.2,454.6,1783.0
3360263,subject_difficulty_screen,207.0,454.4,1783.0
3360264,subject_difficulty_screen,207.8,454.4,1782.0
3360265,subject_difficulty_screen,208.4,454.8,1782.0
3360266,subject_difficulty_screen,208.4,455.0,1782.0
3360267,subject_difficulty_screen,207.7,454.9,1782.0
3360268,subject_difficulty_screen,206.9,454.9,1782.0
3360269,subject_difficulty_screen,206.2,454.6,1782.0
3360270,subject_difficulty_screen,206.2,454.2,1782.0
3360271,subject_difficulty_screen,206.1,453.8,1782.0
3360272,subject_difficulty_screen,205.8,453.8,1783.0
3360273,subject_difficulty_screen,205.9,454.1,1784.0
3360274,subject_difficulty_screen,206.1,454.7,1785.0
3360275,subject_difficulty_screen,206.4,455.2,1785.0
3360276,subject_difficulty_screen,206.0,455.5,1784.0
3360277,subject_difficulty_screen,205.6,455.4,1783.0
3360278,subject_difficulty_screen,205.4,455.4,1783.0
3360279,subject_difficulty_screen,205.7,455.4,1783.0
3360280,subject_difficulty_screen,206.4,455.5,1783.0
3360281,subject_difficulty_screen,207.0,454.9,1782.0
3360282,subject_difficulty_screen,207.0,454.3,1782.0
3360283,subject_difficulty_screen,206.7,453.9,1782.0
3360284,subject_difficulty_screen,206.7,453.9,1781.0
3360285,subject_difficulty_screen,206.9,454.1,1779.0
3360286,subject_difficulty_screen,207.2,454.2,1776.0
3360287,subject_difficulty_screen,207.2,454.2,1775.0
3360288,subject_difficulty_screen,207.1,454.2,1775.0
3360289,subject_difficulty_screen,206.8,454.1,1776.0
3360290,subject_difficulty_screen,206.0,454.1,1776.0
3360291,subject_difficulty_screen,205.1,454.1,1776.0
3360292,subject_difficulty_screen,204.4,454.2,1776.0
3360293,subject_difficulty_screen,204.2,454.2,1776.0
3360294,subject_difficulty_screen,204.1,454.2,1776.0
3360295,subject_difficulty_screen,203.7,454.1,1775.0
3360296,subject_difficulty_screen,203.0,454.1,1775.0
3360297,subject_difficulty_screen,202.3,454.2,1775.0
3360298,subject_difficulty_screen,202.2,454.5,1775.0
3360299,subject_difficulty_screen,202.3,454.8,1775.0
3360300,subject_difficulty_screen,202.5,454.7,1776.0
3360301,subject_difficulty_screen,202.5,454.5,1777.0
3360302,subject_difficulty_screen,202.6,453.9,1778.0
3360303,subject_difficulty_screen,202.7,453.5,1778.0
3360304,subject_difficulty_screen,202.8,453.5,1777.0
3360305,subject_difficulty_screen,202.7,454.1,1775.0
3360306,subject_difficulty_screen,202.6,454.6,1773.0
3360307,subject_difficulty_screen,202.7,454.6,1772.0
3360308,subject_difficulty_screen,203.0,454.1,1772.0
3360309,subject_difficulty_screen,203.3,453.7,1771.0
3360310,subject_difficulty_screen,203.2,453.3,1773.0
3360311,subject_difficulty_screen,203.3,453.2,1774.0
3360312,subject_difficulty_screen,203.9,453.3,1775.0
3360313,subject_difficulty_screen,204.5,453.4,1775.0
3360314,subject_difficulty_screen,205.0,453.7,1775.0
3360315,subject_difficulty_screen,205.0,453.8,1775.0
3360316,subject_difficulty_screen,204.5,453.7,1775.0
3360317,subject_difficulty_screen,204.1,453.4,1772.0
3360318,subject_difficulty_screen,203.8,453.1,1768.0
3360319,subject_difficulty_screen,203.8,453.0,1766.0
3360320,subject_difficulty_screen,203.8,453.3,1769.0
3360321,subject_difficulty_screen,204.0,453.5,1773.0
3360322,subject_difficulty_screen,204.3,453.4,1775.0
3360323,subject_difficulty_screen,204.8,453.3,1771.0
3360324,subject_difficulty_screen,205.2,453.1,1768.0
3360325,subject_difficulty_screen,205.6,453.1,1766.0
3360326,subject_difficulty_screen,205.6,453.0,1766.0
3360327,subject_difficulty_screen,205.1,452.7,1767.0
3360328,subject_difficulty_screen,204.5,452.4,1768.0
3360329,subject_difficulty_screen,204.2,452.3,1769.0
3360330,subject_difficulty_screen,204.0,452.4,1770.0
3360331,subject_difficulty_screen,204.0,452.6,1771.0
3360332,subject_difficulty_screen,204.0,452.7,1769.0
3360333,subject_difficulty_screen,203.9,452.7,1768.0
3360334,subject_difficulty_screen,203.8,452.7,1767.0
3360335,subject_difficulty_screen,203.7,453.0,1767.0
3360336,subject_difficulty_screen,203.6,453.4,1769.0
3360337,subject_difficulty_screen,204.0,454.0,1769.0
3360338,subject_difficulty_screen,204.4,454.5,1770.0
3360339,subject_difficulty_screen,204.8,454.9,1771.0
3360340,subject_difficulty_screen,204.7,455.1,1772.0
3360341,subject_difficulty_screen,204.7,455.1,1772.0
3360342,subject_difficulty_screen,204.7,455.0,1772.0
3360343,subject_difficulty_screen,204.7,455.0,1772.0
3360344,subject_difficulty_screen,204.6,454.7,1772.0
3360345,subject_difficulty_screen,204.7,454.4,1773.0
3360346,subject_difficulty_screen,204.8,454.5,1773.0
3360347,subject_difficulty_screen,204.4,454.9,1771.0
3360348,subject_difficulty_screen,204.1,455.1,1769.0
3360349,subject_difficulty_screen,203.7,454.6,1767.0
3360350,subject_difficulty_screen,203.3,454.1,1767.0
3360351,subject_difficulty_screen,202.9,453.7,1767.0
3360352,subject_difficulty_screen,202.4,453.6,1767.0
3360353,subject_difficulty_screen,202.5,454.2,1767.0
3360354,subject_difficulty_screen,202.5,454.9,1766.0
3360355,subject_difficulty_screen,202.6,455.5,1765.0
3360356,subject_difficulty_screen,202.5,455.4,1764.0
3360357,subject_difficulty_screen,202.4,455.3,1763.0
3360358,subject_difficulty_screen,202.3,455.2,1763.0
3360359,subject_difficulty_screen,202.2,455.4,1764.0
3360360,subject_difficulty_screen,202.3,455.5,1765.0
3360361,subject_difficulty_screen,202.4,455.6,1766.0
3360362,subject_difficulty_screen,202.6,455.5,1766.0
3360363,subject_difficulty_screen,202.7,455.5,1766.0
3360364,subject_difficulty_screen,202.6,455.3,1764.0
3360365,subject_difficulty_screen,202.5,455.1,1762.0
3360366,subject_difficulty_screen,202.5,455.0,1760.0
3360367,subject_difficulty_screen,202.6,455.0,1760.0
3360368,subject_difficulty_screen,202.7,455.1,1760.0
3360369,subject_difficulty_screen,202.7,455.1,1759.0
3360370,subject_difficulty_screen,202.7,455.2,1759.0
3360371,subject_difficulty_screen,202.5,455.2,1761.0
3360372,subject_difficulty_screen,202.3,455.4,1763.0
3360373,subject_difficulty_screen,202.2,455.5,1763.0
3360374,subject_difficulty_screen,201.7,455.0,1761.0
3360375,subject_difficulty_screen,201.1,454.4,1759.0
3360376,subject_difficulty_screen,200.6,453.9,1759.0
3360377,subject_difficulty_screen,200.9,454.0,1758.0
3360378,subject_difficulty_screen,201.5,454.9,1757.0
3360379,subject_difficulty_screen,202.1,455.6,1758.0
3360380,subject_difficulty_screen,202.4,456.1,1759.0
3360381,subject_difficulty_screen,202.1,455.5,1761.0
3360382,subject_difficulty_screen,201.8,454.8,1761.0
3360383,subject_difficulty_screen,201.5,454.5,1761.0
3360384,subject_difficulty_screen,201.4,455.0,1762.0
3360385,subject_difficulty_screen,201.3,455.7,1762.0
3360386,subject_difficulty_screen,201.3,456.6,1762.0
3360387,subject_difficulty_screen,201.4,457.0,1761.0
3360388,subject_difficulty_screen,201.4,457.2,1759.0
3360389,subject_difficulty_screen,201.4,456.9,1758.0
3360390,subject_difficulty_screen,201.4,456.7,1758.0
3360391,subject_difficulty_screen,201.1,456.5,1758.0
3360392,subject_difficulty_screen,200.8,456.4,1758.0
3360393,subject_difficulty_screen,200.3,456.2,1757.0
3360394,subject_difficulty_screen,200.1,456.0,1756.0
3360395,subject_difficulty_screen,199.9,455.8,1754.0
3360396,subject_difficulty_screen,199.8,455.8,1753.0
3360397,subject_difficulty_screen,200.0,456.4,1752.0
3360398,subject_difficulty_screen,200.3,457.0,1752.0
3360399,subject_difficulty_screen,200.6,457.2,1752.0
3360400,subject_difficulty_screen,200.8,457.0,1754.0
3360401,subject_difficulty_screen,201.3,456.8,1756.0
3360402,subject_difficulty_screen,201.7,457.0,1758.0
3360403,subject_difficulty_screen,201.9,456.7,1757.0
3360404,subject_difficulty_screen,202.2,456.5,1757.0
3360405,subject_difficulty_screen,202.6,456.2,1757.0
3360406,subject_difficulty_screen,203.0,456.2,1757.0
3360407,subject_difficulty_screen,203.3,456.2,1757.0
3360408,subject_difficulty_screen,203.5,456.2,1758.0
3360409,subject_difficulty_screen,204.1,456.3,1759.0
3360410,subject_difficulty_screen,204.7,456.4,1760.0
3360411,subject_difficulty_screen,204.8,456.4,1760.0
3360412,subject_difficulty_screen,204.4,456.2,1760.0
3360413,subject_difficulty_screen,204.0,455.9,1760.0
3360414,subject_difficulty_screen,204.0,455.5,1761.0
3360415,subject_difficulty_screen,204.1,455.2,1756.0
3360416,subject_difficulty_screen,203.8,454.9,1751.0
3360417,subject_difficulty_screen,203.3,455.0,1750.0
3360418,subject_difficulty_screen,202.9,455.0,1754.0
3360419,subject_difficulty_screen,203.0,455.0,1758.0
3360420,subject_difficulty_screen,203.1,455.1,1758.0
3360421,subject_difficulty_screen,203.3,455.6,1758.0
3360422,subject_difficulty_screen,203.5,456.2,1757.0
3360423,subject_difficulty_screen,203.6,457.2,1757.0
3360424,subject_difficulty_screen,203.6,457.9,1757.0
3360425,subject_difficulty_screen,203.6,458.6,1756.0
3360426,subject_difficulty_screen,203.6,458.5,1756.0
3360427,subject_difficulty_screen,203.4,458.2,1755.0
3360428,subject_difficulty_screen,203.3,457.8,1755.0
3360429,subject_difficulty_screen,202.8,457.5,1755.0
3360430,subject_difficulty_screen,202.5,457.3,1755.0
3360431,subject_difficulty_screen,201.8,457.3,1755.0
3360432,subject_difficulty_screen,201.5,457.4,1755.0
3360433,subject_difficulty_screen,201.1,457.7,1755.0
3360434,subject_difficulty_screen,200.9,457.7,1755.0
3360435,subject_difficulty_screen,200.8,457.8,1754.0
3360436,subject_difficulty_screen,200.9,457.8,1753.0
3360437,subject_difficulty_screen,201.0,457.4,1751.0
3360438,subject_difficulty_screen,201.1,456.8,1750.0
3360439,subject_difficulty_screen,201.1,456.4,1751.0
3360440,subject_difficulty_screen,201.1,456.4,1750.0
3360441,subject_difficulty_screen,200.7,456.5,1746.0
3360442,subject_difficulty_screen,200.4,456.3,1743.0
3360443,subject_difficulty_screen,200.0,456.1,1741.0
3360444,subject_difficulty_screen,200.0,456.0,1741.0
3360445,subject_difficulty_screen,199.8,455.8,1741.0
3360446,subject_difficulty_screen,199.6,455.5,1742.0
3360447,subject_difficulty_screen,199.4,455.3,1742.0
3360448,subject_difficulty_screen,199.8,455.1,1742.0
3360449,subject_difficulty_screen,200.2,454.9,1744.0
3360450,subject_difficulty_screen,200.6,454.8,1747.0
3360451,subject_difficulty_screen,200.8,455.1,1749.0
3360452,subject_difficulty_screen,201.5,455.5,1752.0
3360453,subject_difficulty_screen,202.2,455.9,1754.0
3360454,subject_difficulty_screen,202.9,456.2,1753.0
3360455,subject_difficulty_screen,203.1,456.3,1750.0
3360456,subject_difficulty_screen,203.2,456.3,1747.0
3360457,subject_difficulty_screen,203.2,456.2,1748.0
3360458,subject_difficulty_screen,203.2,456.1,1748.0
3360459,subject_difficulty_screen,203.2,456.1,1749.0
3360460,subject_difficulty_screen,203.2,456.2,1749.0
3360461,subject_difficulty_screen,203.3,456.2,1749.0
3360462,subject_difficulty_screen,203.3,456.2,1749.0
3360463,subject_difficulty_screen,203.0,456.2,1749.0
3360464,subject_difficulty_screen,202.6,456.2,1748.0
3360465,subject_difficulty_screen,202.3,456.4,1747.0
3360466,subject_difficulty_screen,202.5,456.5,1746.0
3360467,subject_difficulty_screen,202.0,456.4,1745.0
3360468,subject_difficulty_screen,201.5,456.3,1744.0
3360469,subject_difficulty_screen,200.9,456.5,1744.0
3360470,subject_difficulty_screen,201.4,456.9,1744.0
3360471,subject_difficulty_screen,201.9,457.5,1744.0
3360472,subject_difficulty_screen,202.1,457.7,1745.0
3360473,subject_difficulty_screen,201.3,457.5,1744.0
3360474,subject_difficulty_screen,200.6,457.0,1744.0
3360475,subject_difficulty_screen,200.2,456.6,1743.0
3360476,subject_difficulty_screen,200.1,456.6,1742.0
3360477,subject_difficulty_screen,200.1,456.6,1741.0
3360478,subject_difficulty_screen,200.1,456.6,1740.0
3360479,subject_difficulty_screen,200.1,456.5,1740.0
3360480,subject_difficulty_screen,199.6,456.5,1740.0
3360481,subject_difficulty_screen,199.0,456.5,1740.0
3360482,subject_difficulty_screen,199.1,456.7,1740.0
3360483,subject_difficulty_screen,199.8,456.8,1739.0
3360484,subject_difficulty_screen,200.4,456.3,1737.0
3360485,subject_difficulty_screen,200.9,455.6,1737.0
3360486,subject_difficulty_screen,201.4,455.4,1737.0
3360487,subject_difficulty_screen,201.8,455.9,1736.0
3360488,subject_difficulty_screen,201.8,456.6,1736.0
3360489,subject_difficulty_screen,202.5,456.8,1738.0
3360490,subject_difficulty_screen,203.3,456.9,1741.0
3360491,subject_difficulty_screen,203.9,456.7,1746.0
3360492,subject_difficulty_screen,203.9,456.5,1748.0
3360493,subject_difficulty_screen,203.9,456.5,1748.0
3360494,subject_difficulty_screen,203.5,456.8,1746.0
3360495,subject_difficulty_screen,203.1,457.2,1743.0
3360496,subject_difficulty_screen,202.6,457.3,1742.0
3360497,subject_difficulty_screen,202.6,457.3,1741.0
3360498,subject_difficulty_screen,202.6,457.4,1741.0
3360499,subject_difficulty_screen,202.6,457.5,1742.0
3360500,subject_difficulty_screen,202.6,457.7,1743.0
3360501,subject_difficulty_screen,202.1,457.1,1743.0
3360502,subject_difficulty_screen,201.6,456.4,1742.0
3360503,subject_difficulty_screen,201.1,455.7,1741.0
3360504,subject_difficulty_screen,201.1,455.8,1741.0
3360505,subject_difficulty_screen,201.0,455.9,1742.0
3360506,subject_difficulty_screen,201.0,455.7,1740.0
3360507,subject_difficulty_screen,200.6,455.4,1738.0
3360508,subject_difficulty_screen,200.3,454.9,1738.0
3360509,subject_difficulty_screen,200.2,454.7,1740.0
3360510,subject_difficulty_screen,200.5,454.5,1742.0
3360511,subject_difficulty_screen,200.7,454.6,1742.0
3360512,subject_difficulty_screen,200.5,454.7,1743.0
3360513,subject_difficulty_screen,200.2,454.8,1742.0
3360514,subject_difficulty_screen,200.6,454.9,1742.0
3360515,subject_difficulty_screen,201.3,454.6,1743.0
3360516,subject_difficulty_screen,202.1,454.3,1744.0
3360517,subject_difficulty_screen,202.3,453.9,1744.0
3360518,subject_difficulty_screen,202.9,454.0,1744.0
3360519,subject_difficulty_screen,203.4,454.0,1745.0
3360520,subject_difficulty_screen,203.6,453.9,1745.0
3360521,subject_difficulty_screen,203.6,453.8,1745.0
3360522,subject_difficulty_screen,203.8,453.8,1746.0
3360523,subject_difficulty_screen,204.0,454.2,1746.0
3360524,subject_difficulty_screen,204.2,454.5,1745.0
3360525,subject_difficulty_screen,204.1,454.7,1744.0
3360526,subject_difficulty_screen,204.0,455.2,1743.0
3360527,subject_difficulty_screen,204.0,455.8,1742.0
3360528,subject_difficulty_screen,203.9,456.0,1740.0
3360529,subject_difficulty_screen,203.7,455.6,1740.0
3360530,subject_difficulty_screen,203.6,455.2,1742.0
3360531,subject_difficulty_screen,203.5,455.4,1744.0
3360532,subject_difficulty_screen,203.4,455.6,1746.0
3360533,subject_difficulty_screen,203.6,455.9,1748.0
3360534,subject_difficulty_screen,204.1,456.0,1751.0
3360535,subject_difficulty_screen,204.5,456.1,1750.0
3360536,subject_difficulty_screen,204.8,456.0,1749.0
3360537,subject_difficulty_screen,204.8,455.8,1747.0
3360538,subject_difficulty_screen,204.7,455.9,1747.0
3360539,subject_difficulty_screen,204.7,456.2,1749.0
3360540,subject_difficulty_screen,204.6,456.7,1750.0
3360541,subject_difficulty_screen,204.5,456.9,1750.0
3360542,subject_difficulty_screen,204.2,456.9,1749.0
3360543,subject_difficulty_screen,203.8,456.6,1747.0
3360544,subject_difficulty_screen,203.6,456.0,1746.0
3360545,subject_difficulty_screen,203.6,455.5,1745.0
3360546,subject_difficulty_screen,203.3,455.2,1744.0
3360547,subject_difficulty_screen,202.9,455.3,1743.0
3360548,subject_difficulty_screen,202.7,455.5,1741.0
3360549,subject_difficulty_screen,202.7,455.6,1740.0
3360550,subject_difficulty_screen,202.7,455.7,1740.0
3360551,subject_difficulty_screen,202.8,455.9,1741.0
3360552,subject_difficulty_screen,202.8,456.0,1740.0
3360553,subject_difficulty_screen,202.9,456.2,1740.0
3360554,subject_difficulty_screen,202.9,456.3,1740.0
3360555,subject_difficulty_screen,203.0,456.4,1741.0
3360556,subject_difficulty_screen,202.9,456.3,1742.0
3360557,subject_difficulty_screen,202.5,455.9,1742.0
3360558,subject_difficulty_screen,202.1,455.5,1743.0
3360559,subject_difficulty_screen,201.8,455.2,1743.0
3360560,subject_difficulty_screen,201.7,455.3,1744.0
3360561,subject_difficulty_screen,201.8,455.5,1743.0
3360562,subject_difficulty_screen,201.8,455.6,1742.0
3360563,subject_difficulty_screen,201.7,455.7,1741.0
3360564,subject_difficulty_screen,201.5,455.7,1740.0
3360565,subject_difficulty_screen,200.8,455.7,1740.0
3360566,subject_difficulty_screen,200.3,455.4,1740.0
3360567,subject_difficulty_screen,200.1,454.9,1740.0
3360568,subject_difficulty_screen,200.4,454.6,1741.0
3360569,subject_difficulty_screen,200.8,454.4,1742.0
3360570,subject_difficulty_screen,200.9,454.5,1741.0
3360571,subject_difficulty_screen,201.0,454.4,1740.0
3360572,subject_difficulty_screen,201.1,454.2,1739.0
3360573,subject_difficulty_screen,201.1,454.1,1739.0
3360574,subject_difficulty_screen,201.1,454.0,1739.0
3360575,subject_difficulty_screen,201.2,454.1,1738.0
3360576,subject_difficulty_screen,201.5,454.1,1739.0
3360577,subject_difficulty_screen,201.7,454.5,1740.0
3360578,subject_difficulty_screen,201.8,454.9,1741.0
3360579,subject_difficulty_screen,201.7,455.2,1744.0
3360580,subject_difficulty_screen,201.7,455.0,1746.0
3360581,subject_difficulty_screen,201.2,454.9,1747.0
3360582,subject_difficulty_screen,200.6,454.7,1747.0
3360583,subject_difficulty_screen,200.0,454.7,1747.0
3360584,subject_difficulty_screen,200.0,454.6,1747.0
3360585,subject_difficulty_screen,199.8,454.4,1746.0
3360586,subject_difficulty_screen,199.8,454.2,1744.0
3360587,subject_difficulty_screen,199.7,454.2,1743.0
3360588,subject_difficulty_screen,199.7,454.3,1741.0
3360589,subject_difficulty_screen,199.9,454.3,1739.0
3360590,subject_difficulty_screen,200.1,454.2,1740.0
3360591,subject_difficulty_screen,200.4,454.1,1742.0
3360592,subject_difficulty_screen,200.5,454.0,1744.0
3360593,subject_difficulty_screen,200.7,454.0,1744.0
3360594,subject_difficulty_screen,200.8,453.9,1742.0
3360595,subject_difficulty_screen,200.8,453.9,1741.0
3360596,subject_difficulty_screen,200.6,453.9,1740.0
3360597,subject_difficulty_screen,200.4,454.0,1740.0
3360598,subject_difficulty_screen,200.5,454.0,1740.0
3360599,subject_difficulty_screen,200.8,454.0,1741.0
3360600,subject_difficulty_screen,201.0,454.4,1743.0
3360601,subject_difficulty_screen,201.2,454.8,1744.0
3360602,subject_difficulty_screen,201.3,454.9,1744.0
3360603,subject_difficulty_screen,201.4,454.6,1745.0
3360604,subject_difficulty_screen,201.3,454.2,1745.0
3360605,subject_difficulty_screen,201.2,454.2,1745.0
3360606,subject_difficulty_screen,201.1,454.1,1744.0
3360607,subject_difficulty_screen,200.4,454.2,1743.0
3360608,subject_difficulty_screen,199.7,454.2,1743.0
3360609,subject_difficulty_screen,199.4,454.1,1743.0
3360610,subject_difficulty_screen,199.8,454.0,1743.0
3360611,subject_difficulty_screen,200.3,454.0,1744.0
3360612,subject_difficulty_screen,200.4,454.1,1744.0
3360613,subject_difficulty_screen,200.6,454.1,1744.0
3360614,subject_difficulty_screen,200.3,453.9,1743.0
3360615,subject_difficulty_screen,200.0,453.9,1741.0
3360616,subject_difficulty_screen,200.0,453.6,1743.0
3360617,subject_difficulty_screen,200.6,453.4,1745.0
3360618,subject_difficulty_screen,201.4,453.9,1747.0
3360619,subject_difficulty_screen,202.0,454.7,1748.0
3360620,subject_difficulty_screen,202.7,456.1,1751.0
3360621,subject_difficulty_screen,203.3,458.2,1753.0
3360622,subject_difficulty_screen,204.6,461.2,1754.0
3360623,subject_difficulty_screen,205.7,464.8,1753.0
3360624,subject_difficulty_screen,207.3,468.3,1752.0
3360625,subject_difficulty_screen,209.0,473.2,1751.0
3360626,subject_difficulty_screen,211.1,478.5,1751.0
3360627,subject_difficulty_screen,213.5,484.4,1754.0
3360628,subject_difficulty_screen,215.3,489.2,1757.0
3360629,subject_difficulty_screen,217.0,493.4,1760.0
3360630,subject_difficulty_screen,219.2,497.5,1760.0
3360631,subject_difficulty_screen,221.7,502.0,1761.0
3360632,subject_difficulty_screen,224.2,506.1,1763.0
3360633,subject_difficulty_screen,225.8,508.9,1766.0
3360634,subject_difficulty_screen,227.4,510.6,1767.0
3360635,subject_difficulty_screen,228.3,511.7,1768.0
3360636,subject_difficulty_screen,228.9,512.3,1768.0
3360637,subject_difficulty_screen,229.0,512.7,1769.0
3360638,subject_difficulty_screen,229.1,512.8,1770.0
3360639,subject_difficulty_screen,229.2,513.0,1770.0
3360640,subject_difficulty_screen,229.2,513.2,1768.0
3360641,subject_difficulty_screen,229.2,513.2,1767.0
3360642,subject_difficulty_screen,229.1,513.1,1767.0
3360643,subject_difficulty_screen,229.0,513.0,1767.0
3360644,subject_difficulty_screen,228.9,513.0,1767.0
3360645,subject_difficulty_screen,229.4,513.1,1766.0
3360646,subject_difficulty_screen,230.0,512.8,1766.0
3360647,subject_difficulty_screen,230.3,512.1,1764.0
3360648,subject_difficulty_screen,230.0,511.2,1763.0
3360649,subject_difficulty_screen,229.8,510.5,1763.0
3360650,subject_difficulty_screen,229.6,510.2,1764.0
3360651,subject_difficulty_screen,229.4,509.5,1765.0
3360652,subject_difficulty_screen,228.8,508.9,1766.0
3360653,subject_difficulty_screen,228.5,508.2,1767.0
3360654,subject_difficulty_screen,228.7,508.2,1767.0
3360655,subject_difficulty_screen,229.2,508.1,1766.0
3360656,subject_difficulty_screen,229.3,508.2,1765.0
3360657,subject_difficulty_screen,228.8,508.9,1764.0
3360658,subject_difficulty_screen,228.3,509.5,1764.0
3360659,subject_difficulty_screen,228.3,510.1,1763.0
3360660,subject_difficulty_screen,228.3,509.9,1764.0
3360661,subject_difficulty_screen,228.3,509.7,1764.0
3360662,subject_difficulty_screen,228.3,509.6,1765.0
3360663,subject_difficulty_screen,228.3,509.9,1765.0
3360664,subject_difficulty_screen,228.1,510.1,1766.0
3360665,subject_difficulty_screen,228.0,510.2,1765.0
3360666,subject_difficulty_screen,228.0,509.9,1764.0
3360667,subject_difficulty_screen,228.4,509.6,1764.0
3360668,subject_difficulty_screen,228.9,509.3,1765.0
3360669,subject_difficulty_screen,229.4,509.5,1767.0
3360670,subject_difficulty_screen,229.6,509.6,1768.0
3360671,subject_difficulty_screen,229.5,509.7,1769.0
3360672,subject_difficulty_screen,229.2,509.6,1768.0
3360673,subject_difficulty_screen,228.9,509.7,1768.0
3360674,subject_difficulty_screen,228.9,509.7,1768.0
3360675,subject_difficulty_screen,228.9,509.3,1768.0
3360676,subject_difficulty_screen,228.8,508.8,1765.0
3360677,subject_difficulty_screen,228.8,508.4,1762.0
3360678,subject_difficulty_screen,228.9,508.4,1759.0
3360679,subject_difficulty_screen,229.1,508.4,1759.0
3360680,subject_difficulty_screen,229.3,508.3,1759.0
3360681,subject_difficulty_screen,229.3,508.2,1759.0
3360682,subject_difficulty_screen,229.3,508.0,1759.0
3360683,subject_difficulty_screen,229.4,508.2,1758.0
3360684,subject_difficulty_screen,229.5,508.5,1756.0
3360685,subject_difficulty_screen,229.5,508.8,1757.0
3360686,subject_difficulty_screen,229.5,509.0,1759.0
3360687,subject_difficulty_screen,229.4,509.2,1762.0
3360688,subject_difficulty_screen,229.4,509.2,1762.0
3360689,subject_difficulty_screen,229.2,509.0,1760.0
3360690,subject_difficulty_screen,229.0,508.7,1759.0
3360691,subject_difficulty_screen,228.8,508.4,1760.0
3360692,subject_difficulty_screen,228.8,508.2,1758.0
3360693,subject_difficulty_screen,228.7,508.2,1756.0
3360694,subject_difficulty_screen,228.8,508.3,1754.0
3360695,subject_difficulty_screen,229.0,508.4,1754.0
3360696,subject_difficulty_screen,229.3,508.3,1754.0
3360697,subject_difficulty_screen,229.4,508.3,1755.0
3360698,subject_difficulty_screen,229.5,508.2,1757.0
3360699,subject_difficulty_screen,229.6,508.2,1757.0
3360700,subject_difficulty_screen,229.8,508.2,1759.0
3360701,subject_difficulty_screen,230.0,508.1,1762.0
3360702,subject_difficulty_screen,229.9,507.8,1764.0
3360703,subject_difficulty_screen,229.7,507.4,1763.0
3360704,subject_difficulty_screen,229.4,507.5,1762.0
3360705,subject_difficulty_screen,229.8,508.0,1760.0
3360706,subject_difficulty_screen,230.2,508.4,1759.0
3360707,subject_difficulty_screen,230.7,508.2,1759.0
3360708,subject_difficulty_screen,230.5,507.9,1760.0
3360709,subject_difficulty_screen,230.4,507.8,1762.0
3360710,subject_difficulty_screen,230.3,507.6,1762.0
3360711,subject_difficulty_screen,230.3,507.4,1762.0
3360712,subject_difficulty_screen,229.7,507.2,1762.0
3360713,subject_difficulty_screen,229.1,507.0,1760.0
3360714,subject_difficulty_screen,228.7,506.8,1757.0
3360715,subject_difficulty_screen,229.0,506.5,1755.0
3360716,subject_difficulty_screen,229.5,506.4,1755.0
3360717,subject_difficulty_screen,229.8,506.6,1756.0
3360718,subject_difficulty_screen,230.0,506.8,1758.0
3360719,subject_difficulty_screen,229.8,507.0,1757.0
3360720,subject_difficulty_screen,229.6,507.2,1756.0
3360721,subject_difficulty_screen,229.5,507.0,1757.0
3360722,subject_difficulty_screen,229.6,506.8,1758.0
3360723,subject_difficulty_screen,229.7,506.5,1759.0
3360724,subject_difficulty_screen,229.6,506.6,1759.0
3360725,subject_difficulty_screen,229.3,506.6,1759.0
3360726,subject_difficulty_screen,228.9,506.6,1758.0
3360727,subject_difficulty_screen,228.7,506.7,1758.0
3360728,subject_difficulty_screen,228.7,507.0,1758.0
3360729,subject_difficulty_screen,228.7,507.2,1759.0
3360730,subject_difficulty_screen,228.8,507.4,1761.0
3360731,subject_difficulty_screen,228.9,507.1,1764.0
3360732,subject_difficulty_screen,229.0,506.9,1765.0
3360733,subject_difficulty_screen,229.1,506.9,1762.0
3360734,subject_difficulty_screen,229.2,507.2,1760.0
3360735,subject_difficulty_screen,229.6,507.5,1757.0
3360736,subject_difficulty_screen,230.0,507.5,1757.0
3360737,subject_difficulty_screen,230.2,507.6,1757.0
3360738,subject_difficulty_screen,229.9,507.7,1757.0
3360739,subject_difficulty_screen,229.6,507.8,1758.0
3360740,subject_difficulty_screen,230.0,507.7,1758.0
3360741,subject_difficulty_screen,230.4,507.6,1760.0
3360742,subject_difficulty_screen,231.0,507.9,1762.0
3360743,subject_difficulty_screen,231.2,508.4,1763.0
3360744,subject_difficulty_screen,230.9,508.9,1761.0
3360745,subject_difficulty_screen,230.5,509.0,1759.0
3360746,subject_difficulty_screen,230.3,508.9,1757.0
3360747,subject_difficulty_screen,230.5,508.9,1756.0
3360748,subject_difficulty_screen,230.7,508.7,1756.0
3360749,subject_difficulty_screen,230.5,508.6,1756.0
3360750,subject_difficulty_screen,230.2,509.1,1759.0
3360751,subject_difficulty_screen,229.9,509.7,1762.0
3360752,subject_difficulty_screen,229.8,510.0,1765.0
3360753,subject_difficulty_screen,229.8,509.7,1764.0
3360754,subject_difficulty_screen,229.6,508.8,1762.0
3360755,subject_difficulty_screen,229.4,508.3,1761.0
3360756,subject_difficulty_screen,229.3,507.9,1760.0
3360757,subject_difficulty_screen,229.2,508.0,1760.0
3360758,subject_difficulty_screen,229.2,508.2,1760.0
3360759,subject_difficulty_screen,229.2,508.3,1760.0
3360760,subject_difficulty_screen,229.4,508.3,1760.0
3360761,subject_difficulty_screen,229.6,508.3,1760.0
3360762,subject_difficulty_screen,229.6,508.2,1760.0
3360763,subject_difficulty_screen,229.5,507.9,1761.0
3360764,subject_difficulty_screen,229.5,507.9,1761.0
3360765,subject_difficulty_screen,229.3,507.9,1761.0
3360766,subject_difficulty_screen,229.2,508.0,1761.0
3360767,subject_difficulty_screen,229.1,508.0,1760.0
3360768,subject_difficulty_screen,229.1,508.1,1760.0
3360769,subject_difficulty_screen,229.0,508.1,1760.0
3360770,subject_difficulty_screen,228.9,508.2,1760.0
3360771,subject_difficulty_screen,228.9,508.2,1760.0
3360772,subject_difficulty_screen,228.8,508.1,1760.0
3360773,subject_difficulty_screen,228.9,508.0,1761.0
3360774,subject_difficulty_screen,228.9,507.8,1763.0
3360775,subject_difficulty_screen,228.9,507.7,1763.0
3360776,subject_difficulty_screen,228.9,507.5,1760.0
3360777,subject_difficulty_screen,228.9,507.1,1757.0
3360778,subject_difficulty_screen,228.5,506.8,1756.0
3360779,subject_difficulty_screen,228.1,506.4,1755.0
3360780,subject_difficulty_screen,227.7,506.2,1758.0
3360781,subject_difficulty_screen,227.8,506.0,1762.0
3360782,subject_difficulty_screen,228.0,505.9,1766.0
3360783,subject_difficulty_screen,228.2,506.1,1766.0
3360784,subject_difficulty_screen,228.4,506.4,1765.0
3360785,subject_difficulty_screen,228.4,506.8,1763.0
3360786,subject_difficulty_screen,228.5,507.0,1762.0
3360787,subject_difficulty_screen,228.5,507.1,1762.0
3360788,subject_difficulty_screen,228.5,507.2,1762.0
3360789,subject_difficulty_screen,228.4,507.2,1762.0
3360790,subject_difficulty_screen,228.2,507.3,1762.0
3360791,subject_difficulty_screen,228.1,507.5,1762.0
3360792,subject_difficulty_screen,228.3,507.6,1762.0
3360793,subject_difficulty_screen,228.5,507.7,1762.0
3360794,subject_difficulty_screen,228.6,508.2,1761.0
3360795,subject_difficulty_screen,228.5,508.6,1761.0
3360796,subject_difficulty_screen,228.4,509.1,1761.0
3360797,subject_difficulty_screen,228.5,509.0,1761.0
3360798,subject_difficulty_screen,228.7,508.8,1760.0
3360799,subject_difficulty_screen,228.4,507.1,1759.0
3360800,subject_difficulty_screen,227.2,504.2,1757.0
3360801,subject_difficulty_screen,225.7,499.9,1757.0
3360802,subject_difficulty_screen,224.4,496.0,1757.0
3360803,subject_difficulty_screen,222.9,491.8,1757.0
3360804,subject_difficulty_screen,221.5,487.4,1758.0
3360805,subject_difficulty_screen,219.8,481.6,1755.0
3360806,subject_difficulty_screen,219.3,475.2,1752.0
3360807,subject_difficulty_screen,218.3,468.3,1750.0
3360808,subject_difficulty_screen,217.8,463.0,1751.0
3360809,subject_difficulty_screen,217.0,458.2,1752.0
3360810,subject_difficulty_screen,216.7,455.1,1751.0
3360811,subject_difficulty_screen,216.5,451.7,1749.0
3360812,subject_difficulty_screen,216.4,448.7,1744.0
3360813,subject_difficulty_screen,216.2,445.6,1742.0
3360814,subject_difficulty_screen,216.5,443.0,1740.0
3360815,subject_difficulty_screen,217.1,441.8,1738.0
3360816,subject_difficulty_screen,217.6,441.1,1737.0
3360817,subject_difficulty_screen,217.5,441.0,1736.0
3360818,subject_difficulty_screen,217.4,441.0,1736.0
3360819,subject_difficulty_screen,217.7,440.0,1736.0
3360820,subject_difficulty_screen,218.2,438.9,1736.0
3360821,subject_difficulty_screen,219.4,436.1,1736.0
3360822,subject_difficulty_screen,220.2,433.1,1735.0
3360823,subject_difficulty_screen,220.4,428.4,1735.0
3360824,subject_difficulty_screen,220.1,424.1,1734.0
3360825,subject_difficulty_screen,219.8,419.1,1733.0
3360826,subject_difficulty_screen,220.3,414.3,1732.0
3360827,subject_difficulty_screen,220.8,409.9,1732.0
3360828,subject_difficulty_screen,221.1,406.9,1731.0
3360829,subject_difficulty_screen,221.7,404.7,1732.0
3360830,subject_difficulty_screen,222.6,403.2,1733.0
3360831,subject_difficulty_screen,223.5,401.8,1733.0
3360832,subject_difficulty_screen,223.9,400.9,1733.0
3360833,subject_difficulty_screen,224.2,400.4,1731.0
3360834,subject_difficulty_screen,224.8,399.5,1729.0
3360835,subject_difficulty_screen,226.1,398.2,1726.0
3360836,subject_difficulty_screen,227.0,397.0,1726.0
3360837,subject_difficulty_screen,227.8,396.7,1726.0
3360838,subject_difficulty_screen,228.1,396.8,1726.0
3360839,subject_difficulty_screen,228.8,396.9,1725.0
3360840,subject_difficulty_screen,229.3,396.8,1725.0
3360841,subject_difficulty_screen,229.8,396.0,1724.0
3360842,subject_difficulty_screen,230.0,395.3,1723.0
3360843,subject_difficulty_screen,230.4,393.8,1722.0
3360844,subject_difficulty_screen,230.8,392.5,1723.0
3360845,subject_difficulty_screen,231.0,390.9,1723.0
3360846,subject_difficulty_screen,231.1,390.2,1724.0
3360847,subject_difficulty_screen,231.4,389.2,1724.0
3360848,subject_difficulty_screen,231.7,388.6,1723.0
3360849,subject_difficulty_screen,232.0,387.9,1721.0
3360850,subject_difficulty_screen,231.6,387.9,1721.0
3360851,subject_difficulty_screen,231.1,387.9,1722.0
3360852,subject_difficulty_screen,230.7,387.9,1724.0
3360853,subject_difficulty_screen,230.9,387.9,1724.0
3360854,subject_difficulty_screen,231.2,388.2,1722.0
3360855,subject_difficulty_screen,231.5,388.8,1721.0
3360856,subject_difficulty_screen,231.3,389.3,1719.0
3360857,subject_difficulty_screen,231.0,389.6,1719.0
3360858,subject_difficulty_screen,230.6,390.2,1722.0
3360859,subject_difficulty_screen,230.6,390.8,1724.0
3360860,subject_difficulty_screen,230.6,391.4,1727.0
3360861,subject_difficulty_screen,230.6,391.3,1728.0
3360862,subject_difficulty_screen,230.7,391.2,1729.0
3360863,subject_difficulty_screen,230.9,391.1,1729.0
3360864,subject_difficulty_screen,231.1,391.2,1729.0
3360865,subject_difficulty_screen,231.2,390.3,1730.0
3360866,subject_difficulty_screen,231.3,389.4,1730.0
3360867,subject_difficulty_screen,231.5,388.6,1729.0
3360868,subject_difficulty_screen,231.6,388.6,1728.0
3360869,subject_difficulty_screen,231.5,388.5,1727.0
3360870,subject_difficulty_screen,231.4,388.3,1727.0
3360871,subject_difficulty_screen,231.3,388.2,1728.0
3360872,subject_difficulty_screen,231.2,388.2,1729.0
